username,password
perfuser01,perfpass01
perfuser02,perfpass02
perfuser03,perfpass03
perfuser04,perfpass04
perfuser05,perfpass05
perfuser06,perfpass06
perfuser07,perfpass07
perfuser08,perfpass08
perfuser09,perfpass09
perfuser10,perfpass10
perfuser11,perfpass11
perfuser12,perfpass12
perfuser13,perfpass13
perfuser14,perfpass14
perfuser15,perfpass15
perfuser16,perfpass16
perfuser17,perfpass17
perfuser18,perfpass18
perfuser19,perfpass19
perfuser20,perfpass20
perfuser21,perfpass21
perfuser22,perfpass22
perfuser23,perfpass23
perfuser24,perfpass24
perfuser25,perfpass25
perfuser26,perfpass26
perfuser27,perfpass27
perfuser28,perfpass28
perfuser29,perfpass29
perfuser30,perfpass30
perfuser31,perfpass31
perfuser32,perfpass32
perfuser33,perfpass33
perfuser34,perfpass34
perfuser35,perfpass35
perfuser36,perfpass36
perfuser37,perfpass37
perfuser38,perfpass38
perfuser39,perfpass39
perfuser40,perfpass40
perfuser41,perfpass41
perfuser42,perfpass42
perfuser43,perfpass43
perfuser44,perfpass44
perfuser45,perfpass45
perfuser46,perfpass46
perfuser47,perfpass47
perfuser48,perfpass48
perfuser49,perfpass49
perfuser50,perfpass50
